{"users": [
    {
      "id": 1,
      "petId": 5,
      "userId": 1,
      "firstname": "John",
      "lastname": "Doe",
      "phoneNumber": "+1234567890",
      "email": "john.doe@example.com",
      "aboutYourself": "I have always loved animals and have experience caring for pets.",
      "status": "Pending"
    },
    {
      "id": 2,
      "petId": 8,
      "userId": 1,
      "firstname": "John",
      "lastname": "Doe",
      "phoneNumber": "+1234567890",
      "email": "john.doe@example.com",
      "aboutYourself": "I have always loved animals and have experience caring for pets.",
      "status": "Approved"
    },
    {
      "id": 3,
      "petId": 10,
      "userId": 1,
      "firstname": "John",
      "lastname": "Doe",
      "phoneNumber": "+1234567890",
      "email": "john.doe@example.com",
      "aboutYourself": "I have always loved animals and have experience caring for pets.",
      "status": "Rejected"
    }
  ]
}
  